Customer_ID,Age,Monthly_Income,Average_Visits,Items_Shopped,Shopping_Amount,Customer_Type
1,56,125186,3,43,13041,Returning
2,69,54674,10,2,4260,Non-Repeating
3,46,55854,3,23,15397,Non-Repeating
4,32,66271,8,19,4174,Non-Repeating
5,60,93688,8,31,14787,Returning
6,25,58518,2,5,8368,Non-Repeating
7,38,131076,8,19,14829,Returning
8,56,30267,11,34,15521,Returning
9,36,110825,13,10,10992,Returning
10,40,21062,13,25,5282,Returning
11,28,136664,1,2,11212,Returning
12,28,70448,6,11,5273,Non-Repeating
13,41,115462,8,31,19581,Non-Repeating
14,53,26229,3,15,6480,Returning
15,57,76793,8,9,9477,Returning
16,41,134813,12,23,21233,Returning
17,20,67915,1,19,8808,Returning
18,39,24632,11,9,6310,Returning
19,19,124592,11,35,15029,Non-Repeating
20,41,23596,9,21,6509,Returning
21,61,129779,13,9,3579,Returning
22,47,26168,11,28,3548,Returning
23,55,128099,13,46,28976,Non-Repeating
24,19,27561,9,7,3968,Non-Repeating
25,38,93794,5,16,6070,Non-Repeating
26,50,102152,10,16,10069,Non-Repeating
27,29,145036,4,33,4507,Returning
28,39,144049,11,4,13989,Returning
29,61,46734,6,4,7053,Non-Repeating
30,42,26371,12,39,18955,Returning
31,66,138894,7,40,15091,Returning
32,44,46069,5,17,5984,Returning
33,59,99905,11,37,5808,Returning
34,45,32910,13,39,3832,Returning
35,33,93479,10,29,19660,Returning
36,32,97735,9,36,13468,Non-Repeating
37,64,101264,3,38,15478,Returning
38,68,43275,7,39,13318,Returning
39,61,92274,10,37,14638,Returning
40,69,101449,10,35,25772,Returning
41,20,120776,11,7,10778,Returning
42,54,80004,5,27,8560,Returning
43,68,82981,14,28,13410,Returning
44,24,104659,7,22,8165,Returning
45,38,74553,2,14,12650,Returning
46,26,68447,4,7,4532,Returning
47,56,54529,2,37,23502,Returning
48,35,146394,14,22,13395,Returning
49,21,95703,13,5,3016,Returning
50,42,96090,13,2,2568,Returning
51,31,37260,12,27,13405,Returning
52,67,132581,7,21,21272,Returning
53,26,23812,2,38,13216,Returning
54,43,48024,13,15,8269,Non-Repeating
55,19,78656,14,21,8347,Non-Repeating
56,37,136148,11,10,7863,Non-Repeating
57,45,47285,1,23,10025,Non-Repeating
58,64,112436,9,39,6125,Returning
59,24,136421,1,5,15026,Non-Repeating
60,61,21605,8,1,1172,Returning
61,25,91158,2,13,8894,Returning
62,64,92303,12,21,9704,Returning
63,52,47139,8,26,11822,Returning
64,31,97149,13,45,33832,Non-Repeating
65,34,76138,3,21,12385,Returning
66,53,138205,6,18,5242,Non-Repeating
67,67,96125,3,37,11448,Returning
68,57,33918,14,45,19534,Returning
69,21,105655,7,32,14088,Returning
70,19,47446,10,36,13172,Returning
71,23,144040,9,17,20496,Non-Repeating
72,59,33046,2,35,10613,Returning
73,21,149922,12,49,31381,Returning
74,46,44818,12,11,6394,Non-Repeating
75,35,120894,14,21,10125,Returning
76,43,135751,5,26,15912,Non-Repeating
77,61,24324,13,4,3846,Returning
78,51,96323,6,34,12761,Returning
79,27,29111,4,48,24730,Returning
80,53,58110,4,18,13879,Returning
81,31,36389,4,40,19593,Returning
82,48,142177,2,35,21712,Returning
83,65,61427,4,41,19131,Non-Repeating
84,32,99579,11,29,7485,Non-Repeating
85,25,48746,1,29,11176,Returning
86,31,142883,12,38,27623,Returning
87,40,107886,6,42,22233,Returning
88,57,127141,1,21,12847,Returning
89,38,20117,10,42,22657,Non-Repeating
90,33,145808,6,13,9137,Returning
91,62,132221,1,49,35986,Returning
92,35,104471,6,41,12939,Returning
93,64,132613,10,17,17091,Non-Repeating
94,41,33234,8,9,5762,Returning
95,43,149597,11,41,18084,Returning
96,42,123864,2,1,6168,Returning
97,62,73441,2,2,7944,Returning
98,58,20846,14,48,3762,Returning
99,46,30954,13,29,10250,Returning
100,32,99239,12,33,10725,Non-Repeating
101,62,133689,4,10,17774,Returning
102,18,66514,11,40,12826,Returning
103,42,108236,3,21,15807,Non-Repeating
104,24,117579,4,28,13751,Non-Repeating
105,26,148644,13,11,11996,Returning
106,41,26469,12,34,5987,Returning
107,18,50105,7,8,3329,Returning
108,61,62101,13,22,5468,Non-Repeating
109,25,84323,11,8,4651,Returning
110,41,111922,1,49,13633,Returning
111,28,78067,6,15,8797,Returning
112,68,69376,3,17,9617,Returning
113,34,65587,11,23,8396,Returning
114,25,56976,10,24,6135,Returning
115,52,124587,7,45,23138,Returning
116,52,147534,10,19,21048,Returning
117,50,87584,2,5,11644,Returning
118,22,124537,14,32,11375,Returning
119,59,98477,2,44,13439,Returning
120,56,130911,13,1,12567,Returning
121,58,62533,4,23,14520,Returning
122,45,21828,1,37,7900,Non-Repeating
123,24,21917,3,8,2675,Non-Repeating
124,26,40618,13,13,5756,Non-Repeating
125,25,52254,9,8,4372,Returning
126,29,125292,7,23,12991,Returning
127,51,136714,7,43,20796,Returning
128,50,67362,13,1,7845,Returning
129,65,40128,13,45,21710,Returning
130,40,143781,11,24,15315,Non-Repeating
131,41,131281,4,35,21159,Returning
132,54,79383,2,24,12383,Returning
133,52,85545,14,17,6711,Non-Repeating
134,61,102180,4,5,9974,Non-Repeating
135,57,107958,6,20,14002,Non-Repeating
136,39,29865,11,21,6350,Returning
137,44,22219,11,40,10146,Returning
138,52,59809,3,31,13816,Returning
139,18,136748,1,46,23330,Returning
140,52,25287,14,36,2529,Returning
141,54,146593,12,11,14561,Returning
142,64,54387,8,15,7384,Non-Repeating
143,31,28512,12,19,9475,Returning
144,20,21342,13,7,2611,Non-Repeating
145,18,83076,5,28,15798,Non-Repeating
146,22,128872,5,43,10497,Returning
147,43,39216,11,5,5103,Non-Repeating
148,31,137512,4,5,5869,Returning
149,56,136682,6,30,20172,Returning
150,44,113070,3,32,24215,Non-Repeating
151,26,99767,9,8,12187,Returning
152,32,117829,5,10,4834,Non-Repeating
153,32,46614,3,38,23063,Returning
154,43,56258,11,47,12379,Returning
155,59,113789,1,32,21599,Returning
156,30,62078,10,48,27773,Returning
157,68,126288,12,28,15675,Returning
158,49,103524,6,17,11529,Returning
159,56,116573,2,31,17726,Non-Repeating
160,66,32219,13,8,5835,Non-Repeating
161,69,20235,3,40,17488,Returning
162,49,62929,1,25,16736,Non-Repeating
163,21,147309,9,9,5741,Non-Repeating
164,47,87444,8,2,11193,Non-Repeating
165,54,28567,12,15,5202,Returning
166,40,121834,2,3,1975,Returning
167,56,90792,12,49,10756,Non-Repeating
168,62,85441,11,36,9574,Returning
169,32,104555,8,4,10144,Non-Repeating
170,60,93698,12,14,5330,Returning
171,46,144450,14,41,13465,Returning
172,53,137248,9,41,35200,Returning
173,30,25415,1,25,9001,Returning
174,49,56159,13,10,6980,Returning
175,24,63925,5,21,16917,Non-Repeating
176,68,146523,8,36,19624,Returning
177,39,25951,11,12,6353,Non-Repeating
178,45,107388,14,27,18019,Non-Repeating
179,19,28007,2,40,21827,Returning
180,59,146730,4,2,6313,Non-Repeating
181,62,61832,7,13,11351,Non-Repeating
182,23,78596,3,32,14565,Non-Repeating
183,45,141101,13,31,9510,Non-Repeating
184,45,50523,12,16,5029,Non-Repeating
185,61,108861,5,32,16849,Returning
186,61,144194,8,32,20738,Returning
187,37,106740,12,34,20990,Non-Repeating
188,47,35524,10,11,2216,Returning
189,28,149028,3,10,3835,Returning
190,45,39282,4,15,8212,Returning
191,42,43930,14,17,7388,Non-Repeating
192,56,20077,9,40,7650,Returning
193,50,125881,14,18,16608,Non-Repeating
194,18,145501,14,9,7428,Returning
195,44,40611,7,25,6017,Returning
196,69,36984,1,40,6680,Returning
197,30,34060,14,14,3869,Returning
198,58,102985,12,25,17859,Non-Repeating
199,20,104056,4,22,10980,Non-Repeating
200,56,145329,4,30,29715,Non-Repeating
201,23,63303,9,20,9007,Returning
202,25,79207,6,21,11131,Returning
203,44,95046,9,44,17547,Non-Repeating
204,26,49287,12,32,17519,Non-Repeating
205,54,113709,6,46,4862,Returning
206,50,59711,6,49,10504,Returning
207,68,31954,5,21,11952,Returning
208,59,93340,5,35,23125,Non-Repeating
209,61,92101,2,32,14278,Returning
210,41,91520,8,30,7224,Returning
211,32,107062,8,39,11281,Returning
212,49,122974,11,49,9651,Non-Repeating
213,49,38574,13,12,4544,Returning
214,41,29184,1,41,15039,Returning
215,58,39096,8,47,25247,Returning
216,69,87728,5,18,13887,Returning
217,66,54016,2,21,6954,Returning
218,66,31246,14,13,8192,Non-Repeating
219,69,65558,2,21,8120,Non-Repeating
220,29,138721,14,8,15012,Non-Repeating
221,56,38381,6,46,11483,Non-Repeating
222,19,147796,11,40,28168,Returning
223,20,56455,13,46,18903,Non-Repeating
224,66,112263,9,7,6854,Returning
225,54,24018,1,23,2294,Non-Repeating
226,66,31302,12,44,6388,Non-Repeating
227,34,87506,6,32,17773,Returning
228,66,61157,9,11,9947,Returning
229,19,74917,8,22,17445,Returning
230,19,112738,11,22,16687,Returning
231,45,116646,6,43,11973,Returning
232,40,103122,3,25,16786,Non-Repeating
233,54,44519,8,22,10287,Non-Repeating
234,49,116809,9,28,14277,Returning
235,50,107487,1,29,13130,Returning
236,18,76819,12,13,5754,Returning
237,36,100910,9,18,10573,Non-Repeating
238,19,140430,14,2,4780,Returning
239,61,91324,6,29,16348,Returning
240,43,25408,6,21,9434,Returning
241,49,79379,12,15,10220,Returning
242,23,45053,4,27,12665,Returning
243,49,29446,1,31,10615,Non-Repeating
244,21,20922,10,15,3803,Returning
245,28,118723,8,23,13958,Non-Repeating
246,34,71356,2,24,15607,Returning
247,55,30789,12,44,11852,Non-Repeating
248,41,117720,1,13,15103,Non-Repeating
249,22,86656,2,22,18030,Returning
250,69,64028,1,43,13208,Returning
251,51,84484,1,37,21450,Returning
252,23,52154,9,33,16217,Non-Repeating
253,39,102870,13,3,8786,Returning
254,28,22336,14,19,7772,Non-Repeating
255,65,123677,1,23,22299,Returning
256,33,87779,13,29,9828,Non-Repeating
257,50,39029,4,30,11520,Non-Repeating
258,26,79201,10,39,27747,Non-Repeating
259,23,52265,6,44,18572,Returning
260,33,122916,7,47,8108,Returning
261,46,132250,2,25,10612,Non-Repeating
262,20,136553,6,37,24609,Returning
263,37,63872,7,47,28888,Returning
264,53,66197,10,8,10425,Returning
265,36,145733,14,42,14811,Returning
266,43,75180,10,16,4254,Returning
267,20,43710,2,8,5523,Returning
268,36,49486,2,1,5380,Returning
269,37,91907,10,44,20939,Non-Repeating
270,49,148876,7,5,6583,Non-Repeating
271,24,91895,12,3,3246,Non-Repeating
272,69,84435,1,1,7423,Non-Repeating
273,58,60631,8,4,8202,Returning
274,50,149038,11,40,9859,Returning
275,57,121532,13,35,21815,Returning
276,56,40103,3,32,11679,Returning
277,35,84772,11,42,28773,Non-Repeating
278,57,146108,6,34,18955,Returning
279,18,34382,9,43,6572,Returning
280,28,104291,6,25,13461,Returning
281,45,121195,9,10,14084,Returning
282,42,23756,7,21,10637,Non-Repeating
283,67,40609,9,46,16633,Returning
284,40,134074,2,39,17522,Non-Repeating
285,48,36478,12,27,12772,Returning
286,47,120978,8,27,4515,Returning
287,59,59666,8,2,6924,Non-Repeating
288,52,95683,2,41,14599,Returning
289,24,119097,12,48,13463,Non-Repeating
290,33,144714,14,13,13994,Non-Repeating
291,43,120420,4,9,14417,Non-Repeating
292,65,91315,14,36,20625,Non-Repeating
293,69,97834,11,22,13836,Returning
294,66,146205,7,42,23332,Non-Repeating
295,19,34153,11,26,14240,Returning
296,18,129415,4,12,14333,Non-Repeating
297,65,96325,4,17,15735,Non-Repeating
298,29,129701,6,14,3279,Non-Repeating
299,22,32999,10,14,3288,Non-Repeating
300,54,75318,6,34,14822,Returning
301,49,20814,10,20,2255,Non-Repeating
302,26,135033,3,11,13145,Returning
303,58,96077,9,16,12828,Non-Repeating
304,52,110474,12,31,16278,Non-Repeating
305,36,22443,10,6,2952,Returning
306,65,95993,14,19,7081,Returning
307,33,95916,11,37,10214,Returning
308,20,93319,2,4,2409,Non-Repeating
309,37,145885,6,47,17705,Returning
310,41,129777,12,4,11357,Returning
311,50,37368,7,20,4817,Returning
312,41,35328,12,10,6112,Non-Repeating
313,69,76942,13,24,14659,Returning
314,28,111751,9,35,19740,Returning
315,66,119131,13,26,15797,Returning
316,25,47306,3,37,17715,Returning
317,53,105451,10,38,26556,Returning
318,55,59915,3,21,15195,Returning
319,57,57219,7,40,22037,Returning
320,37,100879,14,39,24290,Non-Repeating
321,52,131939,4,21,5534,Non-Repeating
322,65,84644,13,10,8501,Returning
323,42,80279,8,38,19831,Non-Repeating
324,52,73028,13,46,10768,Returning
325,42,124263,7,4,6291,Returning
326,46,20126,5,45,8330,Returning
327,35,72329,7,20,12486,Returning
328,63,47632,3,17,4791,Returning
329,35,127099,12,7,9035,Returning
330,19,85310,2,4,9898,Returning
331,52,129945,6,29,12935,Non-Repeating
332,33,75176,2,14,6979,Returning
333,58,139797,3,3,6149,Returning
334,53,106066,6,24,12291,Returning
335,50,125500,5,37,30736,Returning
336,21,146413,8,16,13306,Returning
337,50,64327,9,4,2643,Returning
338,31,88904,11,24,16510,Non-Repeating
339,38,23797,3,34,14528,Returning
340,65,67882,12,30,7855,Returning
341,37,33718,10,18,4004,Non-Repeating
342,25,54560,3,19,8162,Returning
343,24,96589,3,31,13029,Returning
344,20,42116,13,19,10722,Non-Repeating
345,34,56244,13,49,25855,Returning
346,50,121721,6,46,16941,Returning
347,65,21645,1,19,5945,Returning
348,29,67523,7,22,10020,Returning
349,68,144085,12,24,18549,Returning
350,39,137718,1,45,23814,Returning
351,39,39256,14,12,8113,Returning
352,63,121376,5,30,23613,Returning
353,47,120158,10,38,13675,Non-Repeating
354,55,73173,13,31,14385,Returning
355,55,57430,8,36,6815,Returning
356,62,59282,4,19,10471,Returning
357,68,139719,5,48,27284,Non-Repeating
358,25,83374,4,45,22480,Returning
359,44,88244,12,36,25741,Non-Repeating
360,44,31694,12,30,7442,Returning
361,51,76264,14,49,24306,Returning
362,38,95060,4,33,19402,Returning
363,47,117416,12,18,11176,Returning
364,50,77545,8,49,4322,Returning
365,45,138195,2,28,22399,Returning
366,64,59224,1,47,8192,Returning
367,50,122516,3,11,19431,Returning
368,22,117945,9,45,8287,Non-Repeating
369,65,33224,4,33,8772,Non-Repeating
370,36,60738,10,17,9495,Returning
371,21,45150,5,6,5260,Returning
372,52,83731,2,4,6531,Returning
373,66,69688,4,20,14292,Non-Repeating
374,34,119929,2,48,16239,Returning
375,61,128618,2,47,23302,Non-Repeating
376,45,93509,4,27,20701,Returning
377,47,28577,6,15,8817,Returning
378,46,28070,7,6,5758,Returning
379,63,146161,10,47,10617,Non-Repeating
380,23,28666,3,14,4797,Returning
381,52,77761,3,11,14597,Returning
382,58,141178,10,39,24263,Non-Repeating
383,54,56368,6,9,8865,Returning
384,41,26783,13,26,7926,Non-Repeating
385,46,131530,12,16,12167,Returning
386,66,61914,3,5,6469,Non-Repeating
387,63,90507,13,10,14827,Returning
388,48,147738,2,3,8423,Returning
389,52,99026,8,13,13359,Non-Repeating
390,50,135893,5,43,19948,Returning
391,69,131255,1,49,13751,Returning
392,38,130616,3,30,23039,Returning
393,49,87526,10,45,19804,Returning
394,40,90835,8,6,12408,Returning
395,50,65765,4,17,11837,Returning
396,20,39956,14,45,20041,Returning
397,35,107895,7,19,8941,Returning
398,42,66240,10,42,15366,Returning
399,59,141008,12,35,21458,Returning
400,48,57148,14,46,11151,Non-Repeating
401,20,114270,14,26,11757,Non-Repeating
402,57,147978,2,5,18903,Non-Repeating
403,63,24757,7,29,12119,Returning
404,41,39097,5,37,8389,Returning
405,67,30395,5,20,10588,Returning
406,49,36241,6,49,12264,Returning
407,64,123892,13,21,10539,Returning
408,39,47696,9,10,2632,Returning
409,40,135654,14,5,9849,Returning
410,19,90480,6,36,20239,Non-Repeating
411,44,66163,12,6,8203,Returning
412,59,39816,13,26,8642,Returning
413,19,69840,14,4,8554,Returning
414,43,122547,8,39,28684,Returning
415,34,72853,7,39,8417,Non-Repeating
416,57,44917,9,35,14780,Returning
417,50,116731,4,1,8039,Returning
418,26,41566,2,24,8711,Returning
419,60,95452,7,36,24471,Returning
420,65,82823,6,6,2900,Returning
421,56,141392,1,41,23040,Non-Repeating
422,46,40806,11,46,16214,Non-Repeating
423,59,95520,9,44,17328,Non-Repeating
424,43,21759,9,31,10465,Returning
425,52,146092,12,20,18958,Non-Repeating
426,67,61949,2,24,5592,Returning
427,42,112374,3,25,18572,Returning
428,41,22482,5,36,11462,Returning
429,30,44442,5,21,7521,Returning
430,24,53719,1,30,5431,Returning
431,53,78066,8,24,9700,Non-Repeating
432,62,113501,12,44,11608,Returning
433,37,22079,8,42,4545,Returning
434,18,22717,4,30,9706,Returning
435,25,79676,13,22,5690,Non-Repeating
436,63,47952,7,28,8306,Non-Repeating
437,33,106444,11,7,8792,Non-Repeating
438,31,62460,10,35,22431,Returning
439,29,110397,3,28,21387,Returning
440,68,92847,6,14,8244,Returning
441,40,113607,14,10,13061,Returning
442,32,109106,10,16,13985,Returning
443,45,38449,13,16,7519,Returning
444,51,53536,10,31,12317,Returning
445,19,84077,12,42,21794,Non-Repeating
446,49,58258,14,25,13189,Returning
447,40,68302,9,13,12758,Returning
448,39,145937,1,6,15151,Returning
449,68,48865,5,44,20793,Non-Repeating
450,42,26645,4,9,5580,Non-Repeating
451,39,139771,8,45,22161,Non-Repeating
452,39,58000,11,36,22648,Non-Repeating
453,66,46737,12,43,16853,Returning
454,69,31485,1,20,8286,Returning
455,59,58565,9,18,10485,Returning
456,23,45522,6,43,13542,Returning
457,32,139614,4,21,16599,Returning
458,60,85155,12,4,4245,Returning
459,54,75168,9,33,20022,Non-Repeating
460,50,72487,11,27,18968,Non-Repeating
461,25,149948,5,7,6120,Non-Repeating
462,61,32342,5,6,1761,Non-Repeating
463,61,60806,12,15,5942,Non-Repeating
464,22,68770,5,18,16005,Returning
465,56,98623,1,32,6207,Returning
466,21,123177,1,11,18747,Non-Repeating
467,23,119785,8,20,9724,Non-Repeating
468,62,95629,12,24,17467,Returning
469,49,140993,8,15,22008,Non-Repeating
470,69,72603,12,48,28052,Returning
471,47,146944,6,7,13039,Returning
472,64,132726,12,21,17471,Non-Repeating
473,52,101974,11,42,26963,Returning
474,57,125947,13,26,10888,Returning
475,69,46399,4,44,20738,Returning
476,33,148177,2,14,3920,Non-Repeating
477,30,105382,14,37,20153,Returning
478,67,101244,2,21,9709,Non-Repeating
479,59,129575,9,18,13005,Returning
480,47,135520,5,5,17789,Returning
481,36,130904,4,3,7540,Non-Repeating
482,34,96534,10,23,15729,Returning
483,36,75106,13,26,12322,Non-Repeating
484,45,132599,1,37,27152,Returning
485,43,50678,7,24,9376,Non-Repeating
486,54,96218,3,49,21812,Returning
487,43,83230,6,19,15794,Returning
488,40,134684,5,25,13554,Returning
489,26,94055,5,21,15467,Returning
490,29,76373,11,12,9539,Returning
491,18,51480,5,41,11567,Returning
492,18,105230,1,33,22714,Returning
493,64,88836,1,4,4032,Returning
494,51,92258,3,42,9960,Returning
495,49,59986,14,7,4148,Non-Repeating
496,65,44160,12,22,8235,Returning
497,42,105595,10,33,24259,Returning
498,57,121358,4,17,14428,Returning
499,62,99111,5,24,15443,Non-Repeating
500,18,84929,2,34,6006,Returning
501,33,93506,8,28,13631,Non-Repeating
502,56,54911,11,43,13027,Non-Repeating
503,22,107127,11,41,17906,Non-Repeating
504,39,51821,14,39,11246,Returning
505,46,95039,2,22,18307,Returning
506,20,80535,9,49,19939,Non-Repeating
507,29,133453,2,17,16276,Returning
508,43,104458,13,34,15365,Returning
509,33,32175,9,6,4655,Returning
510,68,139235,7,46,17137,Non-Repeating
511,54,74771,8,6,3053,Returning
512,39,126660,11,34,17947,Non-Repeating
513,46,147157,2,1,6731,Returning
514,31,141300,7,10,12292,Returning
515,45,106925,12,21,5487,Returning
516,22,133374,6,5,11915,Returning
517,64,86358,4,2,4782,Non-Repeating
518,66,37327,7,22,7107,Non-Repeating
519,47,67057,14,48,26981,Non-Repeating
520,63,26150,13,2,1788,Returning
521,69,24425,4,10,4829,Non-Repeating
522,22,143654,2,34,22286,Returning
523,29,36032,10,16,7957,Returning
524,33,22198,12,48,24364,Returning
525,43,80500,7,39,21775,Returning
526,43,73394,8,22,11434,Non-Repeating
527,65,40079,2,12,6269,Non-Repeating
528,38,56220,5,24,9295,Returning
529,56,61874,1,47,23323,Non-Repeating
530,53,33859,7,40,2507,Returning
531,50,70460,8,38,6486,Returning
532,47,51419,13,10,8540,Returning
533,54,138865,6,35,20673,Returning
534,40,28705,5,49,9216,Returning
535,27,62880,6,32,12532,Returning
536,22,149838,2,7,13427,Non-Repeating
537,53,43236,1,21,7801,Non-Repeating
538,51,107955,7,20,11780,Returning
539,69,105514,7,26,14362,Non-Repeating
540,48,123145,10,4,5092,Returning
541,27,35358,11,46,23685,Returning
542,36,119713,10,22,11032,Non-Repeating
543,49,114914,14,15,8494,Returning
544,18,122870,2,40,21319,Returning
545,22,96918,2,21,6541,Returning
546,62,139179,1,15,9072,Returning
547,21,136243,10,22,14149,Non-Repeating
548,33,34596,8,28,7498,Returning
549,41,53572,8,14,8244,Returning
550,33,98757,1,27,7963,Returning
551,19,21279,12,41,11788,Non-Repeating
552,66,83197,11,40,23211,Returning
553,45,131496,8,28,19539,Non-Repeating
554,49,82516,9,26,12202,Returning
555,44,27083,14,49,11803,Returning
556,37,140674,4,2,6407,Returning
557,41,140307,1,25,11387,Returning
558,29,146457,1,3,8288,Returning
559,67,129397,3,8,17681,Returning
560,52,37771,14,44,13591,Non-Repeating
561,50,49975,5,33,14581,Returning
562,50,65648,5,42,26028,Non-Repeating
563,68,145641,9,35,26107,Returning
564,60,68285,10,6,2436,Returning
565,54,39063,14,39,19147,Returning
566,29,87642,12,23,13865,Non-Repeating
567,20,110093,2,25,22304,Returning
568,18,134390,2,43,8142,Returning
569,50,106143,6,19,13132,Returning
570,57,57599,9,5,5060,Returning
571,27,71920,1,11,6795,Returning
572,60,48529,9,12,6827,Returning
573,61,55954,9,10,6345,Returning
574,46,47856,13,8,6238,Returning
575,30,22573,9,24,9206,Non-Repeating
576,29,98344,5,28,19582,Returning
577,48,55367,13,41,9053,Returning
578,63,122337,9,36,22908,Returning
579,19,126732,11,37,25249,Returning
580,68,119608,4,21,14675,Returning
581,67,80774,2,8,3648,Returning
582,52,43752,13,9,9608,Returning
583,40,75029,6,47,9718,Returning
584,34,37685,14,15,3331,Returning
585,43,71693,4,48,20761,Returning
586,25,136739,6,46,21612,Non-Repeating
587,46,75961,3,40,15673,Returning
588,43,126937,6,18,8769,Returning
589,27,144956,2,42,5754,Returning
590,43,96908,2,20,13955,Returning
591,51,145537,13,6,8370,Returning
592,68,146678,9,12,2888,Returning
593,58,94532,7,2,2482,Non-Repeating
594,24,101994,3,7,3223,Returning
595,21,76133,13,16,5236,Returning
596,67,117425,11,3,10791,Returning
597,62,145055,1,45,22860,Returning
598,28,81268,8,3,2754,Returning
599,46,112201,14,27,13719,Non-Repeating
600,53,58243,6,43,16190,Returning
601,42,77384,7,40,15159,Non-Repeating
602,38,51653,9,38,12225,Non-Repeating
603,53,46657,5,33,13551,Non-Repeating
604,27,59952,1,28,9745,Returning
605,54,42180,12,1,2879,Returning
606,26,117432,10,8,8720,Returning
607,41,141829,7,37,28770,Returning
608,52,148377,5,32,5169,Returning
609,66,98411,3,48,25627,Non-Repeating
610,52,21622,12,43,7134,Returning
611,65,68756,13,37,16968,Returning
612,53,60809,9,4,5911,Returning
613,35,36725,1,30,10883,Returning
614,66,81396,1,6,2479,Returning
615,56,71226,1,46,15901,Non-Repeating
616,49,126296,3,19,13943,Non-Repeating
617,41,101182,12,32,21799,Non-Repeating
618,40,102565,6,9,9636,Non-Repeating
619,49,49402,10,12,8340,Non-Repeating
620,54,24263,11,11,3952,Returning
621,29,143489,3,46,21627,Non-Repeating
622,66,116523,8,16,14290,Returning
623,30,66828,14,1,2014,Returning
624,40,140824,14,45,27957,Returning
625,42,67924,10,21,13430,Returning
626,52,94182,2,30,21159,Returning
627,58,113065,14,13,5848,Returning
628,47,79052,9,34,25301,Returning
629,34,31664,3,4,4161,Non-Repeating
630,66,55737,5,28,16441,Returning
631,37,121332,10,38,26161,Returning
632,65,109563,8,31,19511,Returning
633,42,49373,2,27,17347,Returning
634,39,137369,6,5,9881,Non-Repeating
635,30,56397,12,25,11403,Returning
636,36,148575,5,3,7945,Returning
637,66,106145,13,33,19670,Non-Repeating
638,53,121371,10,4,13070,Non-Repeating
639,29,58709,9,25,15328,Returning
640,58,136074,12,20,19240,Non-Repeating
641,36,81120,5,34,9513,Returning
642,29,39250,2,26,8531,Returning
643,26,41172,5,5,1628,Returning
644,24,31555,12,35,12249,Non-Repeating
645,45,107410,4,28,8938,Returning
646,31,98617,11,29,11733,Returning
647,48,73276,7,9,8163,Returning
648,69,77492,6,38,15090,Returning
649,36,73002,14,6,4919,Returning
650,64,140103,2,19,21220,Non-Repeating
651,33,144938,12,44,31035,Returning
652,22,109599,11,11,9542,Returning
653,52,92355,11,2,5356,Non-Repeating
654,29,111248,13,47,4912,Returning
655,42,44762,5,44,13529,Returning
656,69,31046,7,44,18992,Returning
657,38,116999,11,9,3907,Returning
658,53,144130,7,21,5831,Returning
659,40,136021,5,24,12923,Returning
660,33,48769,12,34,22449,Returning
661,56,73302,9,22,14365,Returning
662,62,43150,4,3,4398,Non-Repeating
663,59,88247,11,12,5850,Non-Repeating
664,56,24853,3,28,8319,Non-Repeating
665,31,114613,4,30,15666,Non-Repeating
666,48,140900,5,26,16705,Returning
667,22,109399,13,48,17475,Non-Repeating
668,52,41792,6,21,8864,Returning
669,40,79129,3,28,15256,Non-Repeating
670,46,126019,2,26,19426,Returning
671,60,94478,14,33,14264,Returning
672,28,133811,13,21,18106,Non-Repeating
673,35,134130,4,35,29372,Non-Repeating
674,64,87298,5,34,8289,Returning
675,29,51987,4,41,11073,Non-Repeating
676,26,35850,14,47,10611,Returning
677,27,32112,11,18,6333,Returning
678,61,141789,13,11,6930,Returning
679,34,44058,12,23,12853,Returning
680,55,65420,3,48,10669,Non-Repeating
681,24,58890,8,22,10445,Non-Repeating
682,63,86017,10,17,3906,Non-Repeating
683,30,67304,4,5,5730,Returning
684,57,52921,14,44,12645,Non-Repeating
685,59,125921,2,11,16307,Returning
686,26,21524,2,30,14518,Non-Repeating
687,67,120424,1,15,11454,Returning
688,44,35048,13,27,13512,Returning
689,19,55111,4,35,18293,Non-Repeating
690,22,57904,10,33,9816,Returning
691,46,74912,9,20,7427,Returning
692,54,54008,14,16,13958,Returning
693,55,20060,11,34,14665,Returning
694,36,94666,7,2,6114,Returning
695,25,103559,12,35,19531,Returning
696,65,75337,10,40,12229,Returning
697,62,130616,7,28,11001,Returning
698,18,33350,13,47,21868,Non-Repeating
699,39,44354,7,39,22489,Returning
700,69,65186,8,6,7804,Non-Repeating
701,34,48145,1,9,3124,Non-Repeating
702,24,54020,10,20,10409,Returning
703,42,106123,13,1,6748,Non-Repeating
704,62,126667,10,8,14046,Non-Repeating
705,21,95186,8,23,17135,Non-Repeating
706,53,105469,4,3,7511,Returning
707,23,40581,4,4,2167,Returning
708,48,108929,4,25,11413,Returning
709,36,43051,6,47,8821,Returning
710,61,71474,7,38,17329,Returning
711,56,111748,6,15,11917,Returning
712,44,145995,1,21,14232,Non-Repeating
713,27,134618,12,35,6846,Non-Repeating
714,43,89626,8,46,19262,Returning
715,36,26960,13,14,4153,Returning
716,56,55772,10,36,14763,Returning
717,20,41520,11,12,8178,Non-Repeating
718,62,69481,13,17,6949,Non-Repeating
719,30,56408,7,39,10276,Returning
720,67,114006,6,9,9810,Returning
721,45,148496,6,35,17968,Returning
722,37,77134,5,13,11146,Returning
723,45,40491,6,15,8728,Returning
724,25,21341,12,18,6541,Non-Repeating
725,58,64623,9,33,10430,Non-Repeating
726,56,110327,10,6,11422,Non-Repeating
727,18,20338,9,27,4554,Non-Repeating
728,20,91431,10,23,13893,Returning
729,30,32254,8,27,2542,Returning
730,45,71860,10,34,20493,Non-Repeating
731,66,31344,9,46,15186,Non-Repeating
732,42,21750,13,38,10734,Returning
733,50,74756,10,14,8476,Returning
734,55,87957,8,36,12587,Returning
735,23,125423,8,8,3257,Returning
736,61,78053,1,35,24930,Returning
737,62,90855,10,19,14950,Returning
738,49,35896,11,30,15795,Returning
739,62,75761,5,14,10602,Returning
740,64,82552,4,20,9726,Non-Repeating
741,38,140075,2,49,22729,Returning
742,33,97454,8,25,6131,Non-Repeating
743,38,146522,3,40,21839,Returning
744,28,138681,4,24,12841,Non-Repeating
745,54,110600,12,14,16604,Returning
746,53,142732,7,26,15264,Non-Repeating
747,52,132153,10,38,19834,Returning
748,36,142926,9,23,22483,Non-Repeating
749,37,47935,2,22,2481,Non-Repeating
750,35,57641,3,48,21523,Returning
751,64,49711,4,19,3641,Returning
752,58,90342,10,46,21966,Returning
753,66,126896,1,3,2905,Returning
754,31,32182,7,42,6432,Returning
755,32,107833,2,19,16712,Returning
756,48,76276,5,9,7592,Returning
757,18,39541,1,28,16130,Returning
758,20,114457,3,20,13795,Returning
759,33,102310,12,45,29972,Returning
760,40,64813,2,7,7898,Returning
761,28,57198,1,14,9731,Returning
762,29,28820,7,9,3764,Returning
763,27,44070,5,19,12843,Returning
764,49,89768,1,47,11403,Non-Repeating
765,33,31122,6,14,4128,Returning
766,25,100559,5,38,14475,Returning
767,55,93543,3,36,17491,Returning
768,29,103441,12,40,14876,Non-Repeating
769,41,61786,7,17,7695,Non-Repeating
770,45,114934,11,30,13232,Non-Repeating
771,25,119804,10,9,14933,Non-Repeating
772,45,26737,9,33,4457,Returning
773,53,56062,14,25,15163,Returning
774,43,74237,13,14,5983,Returning
775,25,71571,13,11,7113,Non-Repeating
776,67,45510,9,35,21538,Non-Repeating
777,45,39426,14,41,15248,Non-Repeating
778,45,57265,9,14,7268,Returning
779,54,37850,2,30,8689,Non-Repeating
780,58,138249,3,41,21018,Returning
781,53,86150,7,4,2929,Returning
782,44,107312,5,4,11847,Returning
783,34,109613,2,28,14399,Returning
784,26,94910,3,8,11990,Returning
785,50,72375,10,2,6264,Non-Repeating
786,37,141826,6,41,33898,Returning
787,30,55435,13,46,24483,Returning
788,45,116443,7,22,16465,Returning
789,65,77132,9,41,12574,Returning
790,46,98945,1,16,10658,Non-Repeating
791,30,102050,11,29,11963,Non-Repeating
792,63,149828,7,49,16992,Non-Repeating
793,52,115402,8,48,23456,Non-Repeating
794,23,22983,12,30,3453,Non-Repeating
795,35,117241,14,12,6633,Returning
796,68,40662,3,35,10886,Non-Repeating
797,22,43510,4,11,5928,Returning
798,64,98187,10,46,9089,Returning
799,42,60998,6,21,3718,Returning
800,19,76846,10,21,6533,Non-Repeating
801,27,114071,7,5,5637,Non-Repeating
802,47,26640,13,48,12675,Returning
803,67,64547,14,20,8447,Non-Repeating
804,62,74620,4,37,8800,Non-Repeating
805,22,35317,8,3,5376,Returning
806,50,135608,5,44,16708,Returning
807,18,27564,1,33,8837,Non-Repeating
808,35,47345,4,9,8304,Returning
809,49,133824,3,9,15779,Returning
810,64,114223,9,4,11677,Returning
811,66,143372,8,35,17032,Returning
812,28,99273,1,17,18416,Non-Repeating
813,38,94859,11,34,12132,Non-Repeating
814,43,100765,6,24,18555,Non-Repeating
815,42,130017,9,32,12038,Non-Repeating
816,39,94038,7,1,10822,Non-Repeating
817,44,143618,4,8,10759,Non-Repeating
818,66,72393,13,45,26010,Returning
819,30,86081,1,23,10036,Returning
820,50,145341,12,47,23288,Returning
821,51,122650,2,40,6620,Non-Repeating
822,58,49430,12,12,5899,Returning
823,52,95532,5,12,12609,Returning
824,18,47788,12,46,6535,Returning
825,38,115505,11,47,28075,Non-Repeating
826,65,68543,5,15,13454,Non-Repeating
827,23,33919,8,41,13604,Returning
828,45,89346,6,19,13437,Non-Repeating
829,34,116122,8,26,6579,Returning
830,22,59974,2,29,12336,Returning
831,48,127309,3,22,6922,Non-Repeating
832,22,36371,6,40,6738,Returning
833,55,65084,12,21,10425,Non-Repeating
834,20,49629,13,38,14407,Returning
835,40,71184,10,20,5603,Returning
836,54,81916,3,29,19932,Non-Repeating
837,54,147293,6,4,15509,Returning
838,27,93972,6,7,11446,Non-Repeating
839,27,82187,2,28,16174,Non-Repeating
840,36,32984,7,28,11021,Returning
841,34,53039,12,4,4140,Returning
842,38,105431,2,22,2593,Returning
843,31,103691,6,12,5156,Returning
844,26,78606,1,45,24556,Returning
845,63,30616,3,3,2989,Returning
846,18,122665,2,22,13013,Returning
847,68,125373,7,44,25216,Returning
848,62,70072,14,2,5368,Non-Repeating
849,30,44574,4,24,4184,Non-Repeating
850,21,23430,8,34,5951,Non-Repeating
851,18,139123,6,27,22373,Returning
852,66,32676,12,41,21426,Non-Repeating
853,57,30816,10,1,3370,Returning
854,49,52733,4,8,5992,Non-Repeating
855,51,105680,5,23,17746,Non-Repeating
856,45,22050,13,38,18271,Returning
857,48,129996,13,6,8116,Non-Repeating
858,25,53933,9,22,9548,Non-Repeating
859,56,44951,7,25,16433,Non-Repeating
860,43,52413,10,18,4302,Non-Repeating
861,51,54801,14,17,12550,Returning
862,20,75619,14,12,6714,Returning
863,67,52913,9,6,3672,Returning
864,29,132573,7,26,16297,Non-Repeating
865,18,139076,12,27,16030,Returning
866,61,60600,1,8,5158,Non-Repeating
867,22,77775,12,19,6548,Returning
868,47,110816,8,42,20162,Returning
869,47,149972,4,1,7449,Returning
870,34,110093,3,29,13047,Non-Repeating
871,65,132590,14,45,14797,Returning
872,64,55400,13,49,26360,Returning
873,40,24494,7,35,13157,Returning
874,32,100688,12,40,17876,Returning
875,54,142744,3,14,17771,Returning
876,38,109431,8,35,21972,Non-Repeating
877,31,94691,6,48,13732,Returning
878,19,117419,5,45,31022,Returning
879,28,128730,4,20,13571,Non-Repeating
880,68,63001,8,49,23332,Non-Repeating
881,56,87364,8,13,9871,Returning
882,55,144988,12,38,24800,Returning
883,51,65028,1,49,17713,Non-Repeating
884,55,127434,9,46,25378,Non-Repeating
885,67,117659,14,49,22785,Non-Repeating
886,51,57573,5,8,5867,Returning
887,35,20806,4,43,21650,Returning
888,47,144343,6,20,13195,Non-Repeating
889,32,76638,6,33,23452,Returning
890,44,148301,2,26,22267,Returning
891,68,146295,8,39,18707,Non-Repeating
892,51,126506,7,21,18900,Non-Repeating
893,69,49757,1,49,23862,Returning
894,55,54636,5,42,17203,Non-Repeating
895,50,100097,12,43,21925,Returning
896,41,68280,6,41,20290,Returning
897,32,44262,4,9,6191,Non-Repeating
898,47,100435,2,24,17555,Returning
899,59,82211,13,37,13755,Returning
900,68,74842,14,49,20229,Non-Repeating
901,34,148583,4,41,29080,Returning
902,22,76979,1,17,6388,Returning
903,46,134524,7,24,16912,Non-Repeating
904,21,101470,2,21,16104,Non-Repeating
905,27,58197,13,39,8929,Non-Repeating
906,34,61844,2,41,25820,Non-Repeating
907,27,84754,9,39,20071,Returning
908,34,121868,5,13,9012,Non-Repeating
909,37,54157,2,11,10292,Returning
910,41,97129,11,46,22464,Non-Repeating
911,22,60042,9,19,4329,Returning
912,51,81665,9,11,5295,Returning
913,23,135512,1,13,13984,Returning
914,19,136953,11,46,24471,Returning
915,30,102856,3,45,22867,Non-Repeating
916,60,47376,4,1,2777,Returning
917,60,129049,14,40,24925,Returning
918,65,75554,7,44,11690,Returning
919,28,34199,10,19,9901,Returning
920,68,138533,4,12,14496,Non-Repeating
921,64,101412,2,8,4963,Non-Repeating
922,40,70948,7,8,3773,Non-Repeating
923,33,93781,6,45,9698,Non-Repeating
924,48,92750,3,12,3995,Non-Repeating
925,28,86262,6,48,26098,Returning
926,33,137424,11,33,11447,Non-Repeating
927,25,66600,6,45,15109,Non-Repeating
928,21,96898,12,26,20380,Returning
929,57,82483,5,39,22895,Non-Repeating
930,21,38297,4,28,18210,Non-Repeating
931,42,50448,10,5,3859,Returning
932,20,46172,12,8,4325,Returning
933,49,62874,1,25,8795,Returning
934,20,27657,10,27,4815,Non-Repeating
935,44,104386,6,46,32842,Non-Repeating
936,46,145617,2,23,3407,Returning
937,49,45425,13,30,12794,Non-Repeating
938,67,46685,3,45,7801,Returning
939,68,142000,14,47,21975,Returning
940,36,132855,8,23,17579,Non-Repeating
941,38,44578,10,49,27087,Non-Repeating
942,22,48831,14,47,22568,Returning
943,35,27906,14,20,4313,Returning
944,45,81413,6,18,6223,Returning
945,59,74028,3,18,8107,Returning
946,39,27287,7,2,3584,Returning
947,38,53660,4,4,2995,Returning
948,23,95758,14,30,14544,Returning
949,18,80504,9,33,22289,Returning
950,22,79720,5,36,19478,Returning
951,58,122979,3,18,18707,Returning
952,29,54701,2,37,14884,Non-Repeating
953,43,103300,11,19,5156,Non-Repeating
954,63,130177,2,47,10834,Returning
955,51,37674,3,28,12528,Returning
956,66,103560,2,40,23889,Returning
957,31,131543,14,20,12145,Returning
958,43,43874,4,49,24366,Returning
959,62,63642,2,33,19456,Returning
960,44,143867,10,12,16791,Returning
961,26,117820,9,15,16198,Non-Repeating
962,43,85160,2,41,18946,Returning
963,64,37602,9,39,19368,Returning
964,39,123320,13,2,11434,Non-Repeating
965,64,108801,6,29,15575,Returning
966,47,45931,1,41,6717,Returning
967,60,114377,4,10,7929,Returning
968,65,49192,14,2,3004,Returning
969,34,66542,1,11,6413,Non-Repeating
970,43,147015,14,13,9494,Returning
971,53,62520,6,10,7948,Returning
972,18,84772,14,14,9086,Returning
973,25,78762,13,18,8432,Returning
974,66,70106,4,9,11253,Non-Repeating
975,52,101121,3,39,21271,Non-Repeating
976,69,45559,3,28,7755,Returning
977,32,125595,9,3,5903,Returning
978,64,53742,6,20,9370,Returning
979,39,89669,9,6,9571,Non-Repeating
980,31,100199,13,27,7067,Returning
981,43,41754,5,2,3444,Returning
982,45,23972,2,29,9428,Returning
983,40,90831,8,38,17616,Returning
984,31,132217,5,3,14985,Returning
985,41,61873,2,16,11778,Returning
986,19,114661,4,30,17812,Returning
987,62,126532,9,40,16925,Returning
988,43,146267,4,2,10787,Returning
989,31,29903,13,17,6030,Non-Repeating
990,68,23020,12,41,5406,Returning
991,24,61755,12,12,4784,Returning
992,20,105956,12,35,21048,Non-Repeating
993,64,106988,13,43,25465,Returning
994,40,65648,14,1,4033,Returning
995,63,123537,4,45,12255,Non-Repeating
996,60,145991,2,15,14973,Returning
997,64,29516,13,26,14348,Non-Repeating
998,62,132863,12,37,22846,Returning
999,35,135005,6,21,10929,Returning
1000,55,22396,13,49,21959,Returning
